{
  "project_info": {
    "project_number": "330427189487",
    "project_id": "to-do-list-51840",
    "storage_bucket": "to-do-list-51840.appspot.com"
  },
  "client": [
    {
      "client_info": {
        "mobilesdk_app_id": "1:330427189487:android:20a2de4fb46aee9efa731a",
        "android_client_info": {
          "package_name": "com.example.madprojecttodolist"
        }
      },
      "oauth_client": [
        {
          "client_id": "330427189487-1g5s108558tq3ebcc091piencvh5ci1s.apps.googleusercontent.com",
          "client_type": 3
        }
      ],
      "api_key": [
        {
          "current_key": "AIzaSyAvqpXkb4lrVLXGJCYvuBrOnJiXMjmqwU4"
        }
      ],
      "services": {
        "appinvite_service": {
          "other_platform_oauth_client": [
            {
              "client_id": "330427189487-1g5s108558tq3ebcc091piencvh5ci1s.apps.googleusercontent.com",
              "client_type": 3
            }
          ]
        }
      }
    }
  ],
  "configuration_version": "1"
}